{"Moony22":{"password":"lolface"},"Coder13":{"password":"hunter2","best":{"2":{"5":0,"12":87.5,"single":0},"3":{"5":1452.3333333333333,"12":1854.3,"100":2215.7244897959185,"single":976},"4":{"5":6421.666666666667,"12":7016.5,"single":5321},"5":{"5":14142.666666666666,"12":15309.7,"single":15332},"6":{"5":20663.333333333332,"12":22060.6,"single":16240},"8":{"5":46084.333333333336,"12":48318,"single":43872}}},"whatsGravity":{"password":"qszwaxyuirghap112358)-=","best":{"3":{"5":2475,"12":3102.5,"single":307},"5":{"5":20171,"12":24686,"single":14985},"10":{"5":186251.33333333334,"single":138208}}},"minekb":{"password":"minekb"},"Joe":{"password":"Password","best":{"2":{"single":247},"3":{"single":13443}}},"AlexM":{"password":"keatonsocks69","best":{"4":{"5":5096,"12":5997.2,"single":3159},"5":{"5":12380.333333333334,"12":13335.4,"single":9581}}},"BoltKey":{"password":"sttrmaaon","best":{}},"JCuber20":{"password":"phoenixstrike","best":{"3":{"single":4768}}}}